alt_files,brand,eans,file_urls,files,model,model_2,product,product_lang,product_parent,scrapfly,source,thumb_urls,thumbs,type,url,video
,RME,,https://www.rme-audio.de/downloads/bface_pro_e.pdf,,Babyface Pro,,Firewire & USB,de,,,rme-audio.de,,,Manual,https://rme-audio.de/downloads.html,
,RME,,https://www.rme-audio.de/downloads/bface_pro_fs_e.pdf,,Babyface Pro FS,,Firewire & USB,de,,,rme-audio.de,,,Manual,https://rme-audio.de/downloads.html,
,RME,,https://www.rme-audio.de/downloads/dface_aes_e.pdf,,Digiface AES,,Firewire & USB,de,,,rme-audio.de,,,Manual,https://rme-audio.de/downloads.html,
,RME,,https://www.rme-audio.de/downloads/dface_avb_e.pdf,,Digiface AVB,,Firewire & USB,de,,,rme-audio.de,,,Manual,https://rme-audio.de/downloads.html,
,RME,,https://www.rme-audio.de/downloads/dface_dante_e.pdf,,Digiface Dante,,Firewire & USB,de,,,rme-audio.de,,,Manual,https://rme-audio.de/downloads.html,
,RME,,https://www.rme-audio.de/downloads/dface_ravenna_e.pdf,,Digiface Ravenna,,Firewire & USB,de,,,rme-audio.de,,,Manual,https://rme-audio.de/downloads.html,
,RME,,https://www.rme-audio.de/downloads/dface_usb_e.pdf,,Digiface USB,,Firewire & USB,de,,,rme-audio.de,,,Manual,https://rme-audio.de/downloads.html,
,RME,,https://www.rme-audio.de/downloads/fface_802_e.pdf,,Fireface 802,,Firewire & USB,de,,,rme-audio.de,,,Manual,https://rme-audio.de/downloads.html,
,RME,,https://www.rme-audio.de/downloads/fface_802fs_e.pdf,,Fireface 802 FS,,Firewire & USB,de,,,rme-audio.de,,,Manual,https://rme-audio.de/downloads.html,
,RME,,https://www.rme-audio.de/downloads/fface_uc_e.pdf,,Fireface UC,,Firewire & USB,de,,,rme-audio.de,,,Manual,https://rme-audio.de/downloads.html,
,RME,,https://www.rme-audio.de/downloads/fface_ucx_e.pdf,,Fireface UCX,,Firewire & USB,de,,,rme-audio.de,,,Manual,https://rme-audio.de/downloads.html,
,RME,,https://www.rme-audio.de/downloads/fface_ucx2_e.pdf,,Fireface UCX II,,Firewire & USB,de,,,rme-audio.de,,,Manual,https://rme-audio.de/downloads.html,
,RME,,https://www.rme-audio.de/downloads/fface_ufx2_e.pdf,,Fireface UFX II,,Firewire & USB,de,,,rme-audio.de,,,Manual,https://rme-audio.de/downloads.html,
,RME,,https://www.rme-audio.de/downloads/fface_ufx3_e.pdf,,Fireface UFX III,,Firewire & USB,de,,,rme-audio.de,,,Manual,https://rme-audio.de/downloads.html,
,RME,,https://www.rme-audio.de/downloads/fface_ufxplus_e.pdf,,Fireface UFX+,,Firewire & USB,de,,,rme-audio.de,,,Manual,https://rme-audio.de/downloads.html,
,RME,,https://www.rme-audio.de/downloads/mface_pro_e.pdf,,MADIface Pro,,Firewire & USB,de,,,rme-audio.de,,,Manual,https://rme-audio.de/downloads.html,
,RME,,https://www.rme-audio.de/downloads/adi642_e.pdf,,ADI 642,,MADI & AES,de,,,rme-audio.de,,,Manual,https://rme-audio.de/downloads.html,
,RME,,https://www.rme-audio.de/download/adi6432_e.pdf,,ADI-6432,,MADI & AES,de,,,rme-audio.de,,,Manual,https://rme-audio.de/downloads.html,
,RME,,https://www.rme-audio.de/downloads/adi6432r_bnc_e.pdf,,ADI-6432R BNC,,MADI & AES,de,,,rme-audio.de,,,Manual,https://rme-audio.de/downloads.html,
,RME,,https://www.rme-audio.de/downloads/madiconv_e.pdf,,MADI Converter,,MADI & AES,de,,,rme-audio.de,,,Manual,https://rme-audio.de/downloads.html,
,RME,,https://www.rme-audio.de/downloads/madirouter_e.pdf,,MADI Router,,MADI & AES,de,,,rme-audio.de,,,Manual,https://rme-audio.de/downloads.html,
,RME,,https://www.rme-audio.de/downloads/madiface_usb_e.pdf,,MADIface USB,,MADI & AES,de,,,rme-audio.de,,,Manual,https://rme-audio.de/downloads.html,
,RME,,https://www.rme-audio.de/downloads/madiface_xt_e.pdf,,MADIface XT,,MADI & AES,de,,,rme-audio.de,,,Manual,https://rme-audio.de/downloads.html,
,RME,,https://www.rme-audio.de/downloads/adi192dd_e.pdf,,ADI-192 DD,,Audio-Converter / Format-Converter,de,,,rme-audio.de,,,Manual,https://rme-audio.de/downloads.html,
,RME,,https://www.rme-audio.de/downloads/adi2_e.pdf,,ADI-2,,Audio-Converter / Format-Converter,de,,,rme-audio.de,,,Manual,https://rme-audio.de/downloads.html,
,RME,,https://www.rme-audio.de/downloads/adi2dac_e.pdf,,ADI-2 DAC,,Audio-Converter / Format-Converter,de,,,rme-audio.de,,,Manual,https://rme-audio.de/downloads.html,
,RME,,https://www.rme-audio.de/downloads/adi2dacr_e.pdf,,ADI-2 DAC (new remote),,Audio-Converter / Format-Converter,de,,,rme-audio.de,,,Manual,https://rme-audio.de/downloads.html,
,RME,,https://www.rme-audio.de/downloads/adi2fs_e.pdf,,ADI-2 FS,,Audio-Converter / Format-Converter,de,,,rme-audio.de,,,Manual,https://rme-audio.de/downloads.html,
,RME,,https://www.rme-audio.de/downloads/adi2profs_e.pdf,,ADI-2 Pro FS,,Audio-Converter / Format-Converter,de,,,rme-audio.de,,,Manual,https://rme-audio.de/downloads.html,
,RME,,https://www.rme-audio.de/downloads/adi2profsr_e.pdf,,ADI-2 Pro FS R,,Audio-Converter / Format-Converter,de,,,rme-audio.de,,,Manual,https://rme-audio.de/downloads.html,
,RME,,https://www.rme-audio.de/downloads/adi2remote_e.pdf,,ADI-2 Remote,,Audio-Converter / Format-Converter,de,,,rme-audio.de,,,Manual,https://rme-audio.de/downloads.html,
,RME,,https://www.rme-audio.de/downloads/adi24pro_e.pdf,,ADI-2/4 Pro SE,,Audio-Converter / Format-Converter,de,,,rme-audio.de,,,Manual,https://rme-audio.de/downloads.html,
,RME,,https://www.rme-audio.de/downloads/adi4dd_e.pdf,,ADI-4 DD,,Audio-Converter / Format-Converter,de,,,rme-audio.de,,,Manual,https://rme-audio.de/downloads.html,
,RME,,https://www.rme-audio.de/downloads/adi648_2_e.pdf,,ADI-648 MKII,,Audio-Converter / Format-Converter,de,,,rme-audio.de,,,Manual,https://rme-audio.de/downloads.html,
,RME,,https://www.rme-audio.de/downloads/adi8dsmk3_e.pdf,,ADI-8 DS MK III,,Audio-Converter / Format-Converter,de,,,rme-audio.de,,,Manual,https://rme-audio.de/downloads.html,
,RME,,https://www.rme-audio.de/downloads/adi8qs_e.pdf,,ADI-8 QS,,Audio-Converter / Format-Converter,de,,,rme-audio.de,,,Manual,https://rme-audio.de/downloads.html,
,RME,,https://docs.rme-audio.com/,,AVB Tool,,Audio-Converter / Format-Converter,de,,,rme-audio.de,,,Manual,https://rme-audio.de/downloads.html,
,RME,,https://docs.rme-audio.com/,,M-1610 Pro,,Audio-Converter / Format-Converter,de,,,rme-audio.de,,,Manual,https://rme-audio.de/downloads.html,
,RME,,https://docs.rme-audio.com/,,M-32 AD Pro II,,Audio-Converter / Format-Converter,de,,,rme-audio.de,,,Manual,https://rme-audio.de/downloads.html,
,RME,,https://docs.rme-audio.com/,,M-32 AD Pro II-D,,Audio-Converter / Format-Converter,de,,,rme-audio.de,,,Manual,https://rme-audio.de/downloads.html,
,RME,,https://docs.rme-audio.com/,,M-32 DA Pro II,,Audio-Converter / Format-Converter,de,,,rme-audio.de,,,Manual,https://rme-audio.de/downloads.html,
,RME,,https://docs.rme-audio.com/,,M-32 DA Pro II-D,,Audio-Converter / Format-Converter,de,,,rme-audio.de,,,Manual,https://rme-audio.de/downloads.html,
,RME,,https://docs.rme-audio.com/,,M-32 Pro AD,,Audio-Converter / Format-Converter,de,,,rme-audio.de,,,Manual,https://rme-audio.de/downloads.html,
,RME,,https://docs.rme-audio.com/,,M-32 Pro DA,,Audio-Converter / Format-Converter,de,,,rme-audio.de,,,Manual,https://rme-audio.de/downloads.html,
,RME,,https://www.rme-audio.de/downloads/m32ad_e.pdf,,M32-AD,,Audio-Converter / Format-Converter,de,,,rme-audio.de,,,Manual,https://rme-audio.de/downloads.html,
,RME,,https://www.rme-audio.de/downloads/m32da_e.pdf,,M32-DA,,Audio-Converter / Format-Converter,de,,,rme-audio.de,,,Manual,https://rme-audio.de/downloads.html,
,RME,,https://www.rme-audio.de/downloads/arcusb_e.pdf,,ARC USB,,Accessories,de,,,rme-audio.de,,,Manual,https://rme-audio.de/downloads.html,
,RME,,https://www.rme-audio.de/downloads/dps2_e.pdf,,DPS-2,,Accessories,de,,,rme-audio.de,,,Manual,https://rme-audio.de/downloads.html,
,RME,,https://www.rme-audio.de/downloads/lni2_dc_e.pdf,,LNI-2 DC,,Accessories,de,,,rme-audio.de,,,Manual,https://rme-audio.de/downloads.html,
